x,y,index,left,top,right_exclusive,bottom_exclusive,pixels,opaque_pixels,transparent_pixels,transparent_pct,dark_pixels,dark_pct,border_dark_pixels,border_transparent_pixels
0,0,0,0,0,32,32,1024,402,622,60.7422,15,1.4648,0,124
1,0,1,32,0,64,32,1024,307,717,70.0195,87,8.4961,0,124
2,0,2,64,0,96,32,1024,525,499,48.7305,140,13.6719,0,124
3,0,3,96,0,128,32,1024,317,707,69.043,24,2.3438,0,116
4,0,4,128,0,160,32,1024,505,519,50.6836,118,11.5234,5,117
5,0,5,160,0,192,32,1024,336,688,67.1875,23,2.2461,0,114
6,0,6,192,0,224,32,1024,346,678,66.2109,117,11.4258,2,117
7,0,7,224,0,256,32,1024,597,427,41.6992,106,10.3516,0,124
8,0,8,256,0,288,32,1024,609,415,40.5273,111,10.8398,0,124
9,0,9,288,0,320,32,1024,543,481,46.9727,45,4.3945,0,116
10,0,10,320,0,352,32,1024,674,350,34.1797,137,13.3789,0,124
11,0,11,352,0,384,32,1024,654,370,36.1328,147,14.3555,0,119
12,0,12,384,0,416,32,1024,546,478,46.6797,149,14.5508,0,111
13,0,13,416,0,448,32,1024,553,471,45.9961,46,4.4922,0,124
14,0,14,448,0,480,32,1024,450,574,56.0547,19,1.8555,0,101
15,0,15,480,0,512,32,1024,510,514,50.1953,18,1.7578,0,124
0,1,16,0,32,32,64,1024,240,784,76.5625,70,6.8359,5,112
1,1,17,32,32,64,64,1024,249,775,75.6836,81,7.9102,3,114
2,1,18,64,32,96,64,1024,239,785,76.6602,77,7.5195,4,115
3,1,19,96,32,128,64,1024,292,732,71.4844,112,10.9375,5,118
4,1,20,128,32,160,64,1024,347,677,66.1133,135,13.1836,4,117
5,1,21,160,32,192,64,1024,341,683,66.6992,97,9.4727,4,116
6,1,22,192,32,224,64,1024,218,806,78.7109,72,7.0312,5,111
7,1,23,224,32,256,64,1024,216,808,78.9062,62,6.0547,6,116
8,1,24,256,32,288,64,1024,217,807,78.8086,70,6.8359,4,116
9,1,25,288,32,320,64,1024,245,779,76.0742,80,7.8125,0,124
10,1,26,320,32,352,64,1024,288,736,71.875,127,12.4023,5,116
11,1,27,352,32,384,64,1024,224,800,78.125,64,6.25,2,122
12,1,28,384,32,416,64,1024,222,802,78.3203,60,5.8594,0,124
13,1,29,416,32,448,64,1024,207,817,79.7852,42,4.1016,0,124
14,1,30,448,32,480,64,1024,267,757,73.9258,63,6.1523,1,102
15,1,31,480,32,512,64,1024,307,717,70.0195,76,7.4219,5,116
0,2,32,0,64,32,96,1024,463,561,54.7852,131,12.793,6,111
1,2,33,32,64,64,96,1024,476,548,53.5156,87,8.4961,3,113
2,2,34,64,64,96,96,1024,467,557,54.3945,163,15.918,8,112
3,2,35,96,64,128,96,1024,547,477,46.582,137,13.3789,1,115
4,2,36,128,64,160,96,1024,564,460,44.9219,132,12.8906,4,114
5,2,37,160,64,192,96,1024,609,415,40.5273,186,18.1641,8,110
6,2,38,192,64,224,96,1024,529,495,48.3398,136,13.2812,6,107
7,2,39,224,64,256,96,1024,441,583,56.9336,285,27.832,7,108
8,2,40,256,64,288,96,1024,664,360,35.1562,358,34.9609,7,100
9,2,41,288,64,320,96,1024,688,336,32.8125,316,30.8594,7,104
10,2,42,320,64,352,96,1024,695,329,32.1289,430,41.9922,36,79
11,2,43,352,64,384,96,1024,573,451,44.043,193,18.8477,7,101
12,2,44,384,64,416,96,1024,680,344,33.5938,153,14.9414,3,111
13,2,45,416,64,448,96,1024,591,433,42.2852,72,7.0312,7,110
14,2,46,448,64,480,96,1024,424,600,58.5938,85,8.3008,0,121
15,2,47,480,64,512,96,1024,466,558,54.4922,120,11.7188,3,111
0,3,48,0,96,32,128,1024,554,470,45.8984,24,2.3438,14,103
1,3,49,32,96,64,128,1024,593,431,42.0898,71,6.9336,0,114
2,3,50,64,96,96,128,1024,449,575,56.1523,47,4.5898,0,124
3,3,51,96,96,128,128,1024,501,523,51.0742,31,3.0273,4,108
4,3,52,128,96,160,128,1024,450,574,56.0547,70,6.8359,2,113
5,3,53,160,96,192,128,1024,539,485,47.3633,63,6.1523,4,113
6,3,54,192,96,224,128,1024,492,532,51.9531,77,7.5195,5,110
7,3,55,224,96,256,128,1024,605,419,40.918,91,8.8867,7,101
8,3,56,256,96,288,128,1024,292,732,71.4844,85,8.3008,10,99
9,3,57,288,96,320,128,1024,482,542,52.9297,80,7.8125,10,104
10,3,58,320,96,352,128,1024,414,610,59.5703,107,10.4492,18,99
11,3,59,352,96,384,128,1024,454,570,55.6641,105,10.2539,9,102
12,3,60,384,96,416,128,1024,345,679,66.3086,56,5.4688,6,109
13,3,61,416,96,448,128,1024,414,610,59.5703,73,7.1289,3,119
14,3,62,448,96,480,128,1024,394,630,61.5234,111,10.8398,2,119
15,3,63,480,96,512,128,1024,272,752,73.4375,56,5.4688,1,118
0,4,64,0,128,32,160,1024,615,409,39.9414,29,2.832,0,87
1,4,65,32,128,64,160,1024,544,480,46.875,118,11.5234,3,84
2,4,66,64,128,96,160,1024,584,440,42.9688,115,11.2305,7,106
3,4,67,96,128,128,160,1024,609,415,40.5273,69,6.7383,1,97
4,4,68,128,128,160,160,1024,586,438,42.7734,72,7.0312,4,98
5,4,69,160,128,192,160,1024,469,555,54.1992,51,4.9805,3,99
6,4,70,192,128,224,160,1024,409,615,60.0586,37,3.6133,3,103
7,4,71,224,128,256,160,1024,399,625,61.0352,123,12.0117,3,108
8,4,72,256,128,288,160,1024,476,548,53.5156,128,12.5,8,99
9,4,73,288,128,320,160,1024,300,724,70.7031,120,11.7188,6,109
10,4,74,320,128,352,160,1024,293,731,71.3867,110,10.7422,6,103
11,4,75,352,128,384,160,1024,331,693,67.6758,108,10.5469,4,107
12,4,76,384,128,416,160,1024,332,692,67.5781,108,10.5469,5,106
13,4,77,416,128,448,160,1024,356,668,65.2344,84,8.2031,10,103
14,4,78,448,128,480,160,1024,340,684,66.7969,114,11.1328,12,102
15,4,79,480,128,512,160,1024,224,800,78.125,89,8.6914,5,114
0,5,80,0,160,32,192,1024,277,747,72.9492,90,8.7891,6,114
1,5,81,32,160,64,192,1024,248,776,75.7812,90,8.7891,7,114
2,5,82,64,160,96,192,1024,270,754,73.6328,69,6.7383,5,115
3,5,83,96,160,128,192,1024,650,374,36.5234,34,3.3203,0,102
4,5,84,128,160,160,192,1024,529,495,48.3398,35,3.418,1,102
5,5,85,160,160,192,192,1024,333,691,67.4805,46,4.4922,7,115
6,5,86,192,160,224,192,1024,351,673,65.7227,48,4.6875,3,119
7,5,87,224,160,256,192,1024,495,529,51.6602,99,9.668,2,122
8,5,88,256,160,288,192,1024,617,407,39.7461,177,17.2852,17,84
9,5,89,288,160,320,192,1024,436,588,57.4219,117,11.4258,10,100
10,5,90,320,160,352,192,1024,424,600,58.5938,59,5.7617,8,90
11,5,91,352,160,384,192,1024,318,706,68.9453,64,6.25,3,100
12,5,92,384,160,416,192,1024,570,454,44.3359,149,14.5508,11,108
13,5,93,416,160,448,192,1024,344,680,66.4062,154,15.0391,9,110
14,5,94,448,160,480,192,1024,437,587,57.3242,168,16.4062,10,112
15,5,95,480,160,512,192,1024,290,734,71.6797,81,7.9102,10,105
0,6,96,0,192,32,224,1024,616,408,39.8438,150,14.6484,9,102
1,6,97,32,192,64,224,1024,602,422,41.2109,109,10.6445,28,68
2,6,98,64,192,96,224,1024,530,494,48.2422,73,7.1289,12,67
3,6,99,96,192,128,224,1024,553,471,45.9961,101,9.8633,19,63
4,6,100,128,192,160,224,1024,557,467,45.6055,89,8.6914,4,53
5,6,101,160,192,192,224,1024,627,397,38.7695,68,6.6406,12,50
6,6,102,192,192,224,224,1024,620,404,39.4531,197,19.2383,34,52
7,6,103,224,192,256,224,1024,623,401,39.1602,38,3.7109,1,76
8,6,104,256,192,288,224,1024,626,398,38.8672,71,6.9336,6,117
9,6,105,288,192,320,224,1024,671,353,34.4727,28,2.7344,21,73
10,6,106,320,192,352,224,1024,731,293,28.6133,26,2.5391,23,45
11,6,107,352,192,384,224,1024,557,467,45.6055,94,9.1797,10,72
12,6,108,384,192,416,224,1024,257,767,74.9023,76,7.4219,4,112
13,6,109,416,192,448,224,1024,316,708,69.1406,111,10.8398,10,103
14,6,110,448,192,480,224,1024,265,759,74.1211,93,9.082,9,107
15,6,111,480,192,512,224,1024,267,757,73.9258,141,13.7695,20,94
0,7,112,0,224,32,256,1024,633,391,38.1836,196,19.1406,17,84
1,7,113,32,224,64,256,1024,479,545,53.2227,158,15.4297,9,81
2,7,114,64,224,96,256,1024,658,366,35.7422,183,17.8711,11,52
3,7,115,96,224,128,256,1024,687,337,32.9102,131,12.793,9,45
4,7,116,128,224,160,256,1024,611,413,40.332,142,13.8672,21,53
5,7,117,160,224,192,256,1024,624,400,39.0625,216,21.0938,34,53
6,7,118,192,224,224,256,1024,594,430,41.9922,206,20.1172,35,55
7,7,119,224,224,256,256,1024,660,364,35.5469,209,20.4102,5,88
8,7,120,256,224,288,256,1024,626,398,38.8672,223,21.7773,0,124
9,7,121,288,224,320,256,1024,595,429,41.8945,46,4.4922,6,57
10,7,122,320,224,352,256,1024,536,488,47.6562,39,3.8086,6,51
11,7,123,352,224,384,256,1024,489,535,52.2461,66,6.4453,11,58
12,7,124,384,224,416,256,1024,509,515,50.293,30,2.9297,7,89
13,7,125,416,224,448,256,1024,702,322,31.4453,166,16.2109,37,57
14,7,126,448,224,480,256,1024,640,384,37.5,170,16.6016,32,44
15,7,127,480,224,512,256,1024,586,438,42.7734,177,17.2852,35,59
0,8,128,0,256,32,288,1024,695,329,32.1289,193,18.8477,11,93
1,8,129,32,256,64,288,1024,625,399,38.9648,206,20.1172,14,76
2,8,130,64,256,96,288,1024,673,351,34.2773,226,22.0703,23,55
3,8,131,96,256,128,288,1024,611,413,40.332,173,16.8945,16,48
4,8,132,128,256,160,288,1024,591,433,42.2852,151,14.7461,8,85
5,8,133,160,256,192,288,1024,732,292,28.5156,190,18.5547,11,72
6,8,134,192,256,224,288,1024,637,387,37.793,126,12.3047,17,72
7,8,135,224,256,256,288,1024,494,530,51.7578,67,6.543,6,80
8,8,136,256,256,288,288,1024,628,396,38.6719,73,7.1289,3,103
9,8,137,288,256,320,288,1024,699,325,31.7383,36,3.5156,18,72
10,8,138,320,256,352,288,1024,774,250,24.4141,33,3.2227,5,45
11,8,139,352,256,384,288,1024,591,433,42.2852,55,5.3711,1,92
12,8,140,384,256,416,288,1024,521,503,49.1211,73,7.1289,3,113
13,8,141,416,256,448,288,1024,857,167,16.3086,43,4.1992,30,67
14,8,142,448,256,480,288,1024,544,480,46.875,91,8.8867,15,54
15,8,143,480,256,512,288,1024,578,446,43.5547,184,17.9688,20,82
0,9,144,0,288,32,320,1024,677,347,33.8867,193,18.8477,9,96
1,9,145,32,288,64,320,1024,677,347,33.8867,75,7.3242,8,74
2,9,146,64,288,96,320,1024,587,437,42.6758,81,7.9102,6,73
3,9,147,96,288,128,320,1024,635,389,37.9883,140,13.6719,18,56
4,9,148,128,288,160,320,1024,609,415,40.5273,196,19.1406,20,55
5,9,149,160,288,192,320,1024,629,395,38.5742,194,18.9453,8,81
6,9,150,192,288,224,320,1024,747,277,27.0508,61,5.957,5,97
7,9,151,224,288,256,320,1024,598,426,41.6016,44,4.2969,1,100
8,9,152,256,288,288,320,1024,666,358,34.9609,30,2.9297,3,74
9,9,153,288,288,320,320,1024,729,295,28.8086,47,4.5898,3,55
10,9,154,320,288,352,320,1024,678,346,33.7891,25,2.4414,2,72
11,9,155,352,288,384,320,1024,646,378,36.9141,24,2.3438,1,74
12,9,156,384,288,416,320,1024,692,332,32.4219,62,6.0547,5,65
13,9,157,416,288,448,320,1024,646,378,36.9141,231,22.5586,2,41
14,9,158,448,288,480,320,1024,486,538,52.5391,111,10.8398,14,73
15,9,159,480,288,512,320,1024,339,685,66.8945,33,3.2227,8,106
0,10,160,0,320,32,352,1024,770,254,24.8047,173,16.8945,24,98
1,10,161,32,320,64,352,1024,564,460,44.9219,56,5.4688,2,101
2,10,162,64,320,96,352,1024,583,441,43.0664,39,3.8086,34,58
3,10,163,96,320,128,352,1024,585,439,42.8711,46,4.4922,11,59
4,10,164,128,320,160,352,1024,489,535,52.2461,27,2.6367,2,64
5,10,165,160,320,192,352,1024,639,385,37.5977,192,18.75,12,52
6,10,166,192,320,224,352,1024,873,151,14.7461,235,22.9492,7,92
7,10,167,224,320,256,352,1024,590,434,42.3828,199,19.4336,14,76
8,10,168,256,320,288,352,1024,538,486,47.4609,96,9.375,20,53
9,10,169,288,320,320,352,1024,754,270,26.3672,137,13.3789,17,71
10,10,170,320,320,352,352,1024,847,177,17.2852,304,29.6875,1,66
11,10,171,352,320,384,352,1024,677,347,33.8867,111,10.8398,16,44
12,10,172,384,320,416,352,1024,601,423,41.3086,40,3.9062,2,53
13,10,173,416,320,448,352,1024,579,445,43.457,39,3.8086,4,54
14,10,174,448,320,480,352,1024,508,516,50.3906,48,4.6875,8,43
15,10,175,480,320,512,352,1024,754,270,26.3672,49,4.7852,6,60
0,11,176,0,352,32,384,1024,667,357,34.8633,26,2.5391,5,56
1,11,177,32,352,64,384,1024,643,381,37.207,36,3.5156,1,60
2,11,178,64,352,96,384,1024,483,541,52.832,11,1.0742,3,39
3,11,179,96,352,128,384,1024,546,478,46.6797,32,3.125,2,55
4,11,180,128,352,160,384,1024,626,398,38.8672,38,3.7109,4,82
5,11,181,160,352,192,384,1024,702,322,31.4453,71,6.9336,6,69
6,11,182,192,352,224,384,1024,418,606,59.1797,38,3.7109,3,70
7,11,183,224,352,256,384,1024,478,546,53.3203,37,3.6133,5,56
8,11,184,256,352,288,384,1024,798,226,22.0703,56,5.4688,4,67
9,11,185,288,352,320,384,1024,538,486,47.4609,39,3.8086,7,66
10,11,186,320,352,352,384,1024,654,370,36.1328,95,9.2773,19,22
11,11,187,352,352,384,384,1024,659,365,35.6445,172,16.7969,28,21
12,11,188,384,352,416,384,1024,718,306,29.8828,194,18.9453,16,52
13,11,189,416,352,448,384,1024,626,398,38.8672,120,11.7188,4,86
14,11,190,448,352,480,384,1024,653,371,36.2305,102,9.9609,9,51
15,11,191,480,352,512,384,1024,683,341,33.3008,113,11.0352,5,44
0,12,192,0,384,32,416,1024,619,405,39.5508,140,13.6719,7,75
1,12,193,32,384,64,416,1024,627,397,38.7695,112,10.9375,8,67
2,12,194,64,384,96,416,1024,463,561,54.7852,51,4.9805,14,60
3,12,195,96,384,128,416,1024,515,509,49.707,66,6.4453,13,36
4,12,196,128,384,160,416,1024,663,361,35.2539,144,14.0625,10,47
5,12,197,160,384,192,416,1024,847,177,17.2852,154,15.0391,9,31
6,12,198,192,384,224,416,1024,436,588,57.4219,63,6.1523,10,79
7,12,199,224,384,256,416,1024,692,332,32.4219,95,9.2773,3,56
8,12,200,256,384,288,416,1024,650,374,36.5234,75,7.3242,9,66
9,12,201,288,384,320,416,1024,605,419,40.918,51,4.9805,10,36
10,12,202,320,384,352,416,1024,532,492,48.0469,124,12.1094,5,30
11,12,203,352,384,384,416,1024,656,368,35.9375,110,10.7422,11,42
12,12,204,384,384,416,416,1024,513,511,49.9023,95,9.2773,9,72
13,12,205,416,384,448,416,1024,532,492,48.0469,88,8.5938,8,86
14,12,206,448,384,480,416,1024,525,499,48.7305,37,3.6133,1,76
15,12,207,480,384,512,416,1024,520,504,49.2188,66,6.4453,6,50
0,13,208,0,416,32,448,1024,744,280,27.3438,91,8.8867,13,49
1,13,209,32,416,64,448,1024,620,404,39.4531,92,8.9844,28,35
2,13,210,64,416,96,448,1024,590,434,42.3828,92,8.9844,28,47
3,13,211,96,416,128,448,1024,636,388,37.8906,74,7.2266,15,31
4,13,212,128,416,160,448,1024,634,390,38.0859,84,8.2031,7,30
5,13,213,160,416,192,448,1024,652,372,36.3281,105,10.2539,9,23
6,13,214,192,416,224,448,1024,574,450,43.9453,120,11.7188,17,41
7,13,215,224,416,256,448,1024,648,376,36.7188,117,11.4258,10,27
8,13,216,256,416,288,448,1024,607,417,40.7227,117,11.4258,10,43
9,13,217,288,416,320,448,1024,539,485,47.3633,85,8.3008,34,37
10,13,218,320,416,352,448,1024,447,577,56.3477,92,8.9844,26,33
11,13,219,352,416,384,448,1024,557,467,45.6055,213,20.8008,19,49
12,13,220,384,416,416,448,1024,432,592,57.8125,90,8.7891,9,83
13,13,221,416,416,448,448,1024,568,456,44.5312,97,9.4727,13,49
14,13,222,448,416,480,448,1024,512,512,50.0,61,5.957,8,57
15,13,223,480,416,512,448,1024,656,368,35.9375,126,12.3047,17,47
0,14,224,0,448,32,480,1024,828,196,19.1406,175,17.0898,32,40
1,14,225,32,448,64,480,1024,579,445,43.457,167,16.3086,24,31
2,14,226,64,448,96,480,1024,635,389,37.9883,134,13.0859,28,55
3,14,227,96,448,128,480,1024,488,536,52.3438,69,6.7383,14,68
4,14,228,128,448,160,480,1024,708,316,30.8594,135,13.1836,23,40
5,14,229,160,448,192,480,1024,414,610,59.5703,78,7.6172,14,38
6,14,230,192,448,224,480,1024,733,291,28.418,121,11.8164,20,36
7,14,231,224,448,256,480,1024,487,537,52.4414,90,8.7891,15,50
8,14,232,256,448,288,480,1024,319,705,68.8477,62,6.0547,12,58
9,14,233,288,448,320,480,1024,654,370,36.1328,102,9.9609,17,60
10,14,234,320,448,352,480,1024,375,649,63.3789,77,7.5195,12,86
11,14,235,352,448,384,480,1024,480,544,53.125,130,12.6953,18,52
12,14,236,384,448,416,480,1024,673,351,34.2773,176,17.1875,18,70
13,14,237,416,448,448,480,1024,520,504,49.2188,95,9.2773,12,44
14,14,238,448,448,480,480,1024,441,583,56.9336,114,11.1328,15,48
15,14,239,480,448,512,480,1024,555,469,45.8008,127,12.4023,12,50
0,15,240,0,480,32,512,1024,490,534,52.1484,79,7.7148,14,77
1,15,241,32,480,64,512,1024,601,423,41.3086,58,5.6641,3,72
2,15,242,64,480,96,512,1024,480,544,53.125,40,3.9062,2,81
3,15,243,96,480,128,512,1024,663,361,35.2539,29,2.832,1,81
4,15,244,128,480,160,512,1024,517,507,49.5117,61,5.957,5,86
5,15,245,160,480,192,512,1024,447,577,56.3477,64,6.25,14,100
6,15,246,192,480,224,512,1024,282,742,72.4609,81,7.9102,36,67
7,15,247,224,480,256,512,1024,380,644,62.8906,124,12.1094,17,75
8,15,248,256,480,288,512,1024,453,571,55.7617,83,8.1055,5,97
9,15,249,288,480,320,512,1024,586,438,42.7734,173,16.8945,5,98
10,15,250,320,480,352,512,1024,482,542,52.9297,108,10.5469,3,108
11,15,251,352,480,384,512,1024,487,537,52.4414,120,11.7188,13,85
12,15,252,384,480,416,512,1024,496,528,51.5625,139,13.5742,22,65
13,15,253,416,480,448,512,1024,475,549,53.6133,102,9.9609,9,73
14,15,254,448,480,480,512,1024,243,781,76.2695,86,8.3984,11,78
15,15,255,480,480,512,512,1024,358,666,65.0391,92,8.9844,6,86
