status	family	state	tier	detail
UPSTREAM_CANDIDATE	ambient_baby_opossum	disapprove	optional	custodian/asset_drop/source_work/baby_opossum/opossum_disapprove_s_v1.png
UPSTREAM_CANDIDATE	ambient_baby_opossum	eat	optional	custodian/asset_drop/source_work/enemy_grunt/enemy_grunt__body__melee__death_01__e__5f__96.png; custodian/asset_drop/source_work/baby_opossum/opossum_eat_s_v1.png; custodian/asset_drop/source_work/baby_opossum/opossum_notice_treat_s_v1.png; custodian/asset_drop/source_work/pursuit_frame/review/pixelart_candidates/balanced/death_shutdown_01__s.png; custodian/asset_drop/source_work/pursuit_frame/review/pixelart_candidates/crisp/death_shutdown_01__s.png
UPSTREAM_CANDIDATE	ambient_baby_opossum	find_target	optional	custodian/asset_drop/source_work/enemy_grunt/enemy_grunt__body__melee__taunt_point_01__e__5f__96.png; custodian/asset_drop/source_work/pursuit_frame/generated/pursuit_frame__body__activity__checkpoint_halt_01__s__generated_source__2172x724.png; custodian/asset_drop/source_work/pursuit_frame/working/checkpoint_halt.png; custodian/asset_drop/source_work/pursuit_frame/working/checkpoint_halt_pixel_96x96_sheet.png; custodian/asset_drop/source_work/pursuit_frame/working/checkpoint_halt_pixel_96x96_crisp.png
UPSTREAM_CANDIDATE	ambient_baby_opossum	friend_happy	optional	custodian/asset_drop/source_work/baby_opossum/opossum_friend_happy_s_v1.png
UPSTREAM_CANDIDATE	ambient_baby_opossum	hide_exit	optional	custodian/asset_drop/source_work/baby_opossum/opossum__barrel_prop__hide_exit_s_v1.png; custodian/asset_drop/source_work/baby_opossum/opossum__body__hide_exit_s_v1.png
UPSTREAM_CANDIDATE	ambient_baby_opossum	hiss	optional	custodian/asset_drop/source_work/baby_opossum/opossum_hiss_s_v1.png
UPSTREAM_CANDIDATE	ambient_baby_opossum	look	optional	custodian/asset_drop/source_work/baby_opossum/opossum_look_s_v1.png
UPSTREAM_CANDIDATE	ambient_baby_opossum	search	optional	custodian/asset_drop/source_work/pursuit_frame/review/pixelart_candidates/balanced/search_sweep_01__s.png; custodian/asset_drop/source_work/pursuit_frame/review/pixelart_candidates/crisp/search_sweep_01__s.png; custodian/asset_drop/source_work/pursuit_frame/generated/source_sheets_20260901/search_sweep__s__S.png
UPSTREAM_CANDIDATE	ambient_baby_opossum	startle	optional	custodian/asset_drop/source_work/baby_opossum/opossum_startle_s_v1.png
UPSTREAM_CANDIDATE	awakening_ambulatory_environment	foreground	required	custodian/asset_drop/source_work/awakening/late_service/late_service_foreground.png; custodian/asset_drop/source_work/awakening/undergate/undergate_foreground_source_v1.png; custodian/asset_drop/source_work/awakening/gate_of_dust/custodian_approach_foreground_v1.png; custodian/asset_drop/source_work/awakening/gate_of_dust/gate_of_dust_foreground_source_v1.png
UPSTREAM_CANDIDATE	awakening_attestation_environment	foreground	required	custodian/asset_drop/source_work/awakening/late_service/late_service_foreground.png; custodian/asset_drop/source_work/awakening/undergate/undergate_foreground_source_v1.png; custodian/asset_drop/source_work/awakening/gate_of_dust/custodian_approach_foreground_v1.png; custodian/asset_drop/source_work/awakening/gate_of_dust/gate_of_dust_foreground_source_v1.png
UPSTREAM_CANDIDATE	awakening_authority_inlay	corner	required	custodian/asset_drop/source_work/lower_quarter_region/v2_extract/walls/lower_quarter_corner/gothic_scifi_corner_outer_01.png; custodian/asset_drop/source_work/lower_quarter_region/v2_extract/walls/lower_quarter_corner/gothic_scifi_corner_inner_01.png; custodian/asset_drop/production_prep/carrow_yard_v2/families/carrow_machine_house_walls/corner_block_01.png; custodian/asset_drop/production_prep/carrow_yard_v2/families/carrow_machine_house_walls/corner_block_02.png; custodian/asset_drop/production_prep/carrow_yard_v2/families/carrow_machine_house_floor/conduit_corner_01.png
UPSTREAM_CANDIDATE	awakening_authority_inlay	cross	required	custodian/asset_drop/production_prep/carrow_yard_v2/families/carrow_machine_house_floor/marking_cross_01.png; custodian/asset_drop/production_prep/carrow_yard_v2/families/carrow_machine_house_floor/conduit_cross_02.png; custodian/asset_drop/production_prep/carrow_yard_v2/families/carrow_machine_house_floor/conduit_cross_01.png
UPSTREAM_CANDIDATE	awakening_authority_inlay	straight	required	custodian/asset_drop/source_work/lower_quarter_region/v2_extract/props/lower_quarter_railing/railing_straight_01.png; custodian/asset_drop/source_work/lower_quarter_region/v2_extract/walls/lower_quarter_cap/gothic_scifi_cap_straight_01.png; custodian/asset_drop/source_work/lower_quarter_region/v2_extract/walls/lower_quarter_base/gothic_scifi_base_straight_01.png
UPSTREAM_CANDIDATE	awakening_authority_inlay	t_junction	required	custodian/asset_drop/production_prep/carrow_machine_house_extract/props/native_extract/props_carrow_conduit_junction__native.png; custodian/asset_drop/production_prep/carrow_machine_house_extract/props/runtime/props_carrow_conduit_junction.png; custodian/asset_drop/production_prep/carrow_yard_v2/families/carrow_machine_house_props/conduit_junction.png
UPSTREAM_CANDIDATE	awakening_authority_inlay	threshold	required	custodian/asset_drop/source_work/district_transfer_frame/district_transfer_frame_threshold_v1.png; custodian/asset_drop/source_work/awakening/gate_of_dust/rest_threshold.png; custodian/asset_drop/source_work/awakening/_orig_backup/gate_of_dust/rest_threshold.png; custodian/asset_drop/source_work/awakening/_normalized_ready/gate_of_dust/rest_threshold.png; custodian/asset_drop/production_prep/carrow_resize_review/district_transfer_frame_threshold_v1.png
UPSTREAM_CANDIDATE	awakening_creche_console	idle	required	custodian/asset_drop/source_work/enemy_grunt/enemy_grunt__body__locomotion__idle_02__e__5f__96.png; custodian/asset_drop/source_work/enemy_grunt/enemy_grunt__body__locomotion__idle_01__e__5f__96.png; custodian/asset_drop/source_work/enemy_grunt/enemy_grunt__body__locomotion__unarmed_idle_01__e__5f__96.png; custodian/asset_drop/source_work/baby_opossum/opossum_idle_n_v1.png; custodian/asset_drop/source_work/baby_opossum/opossum_idle_s_v1.png
UPSTREAM_CANDIDATE	awakening_creche_environment	foreground	required	custodian/asset_drop/source_work/awakening/late_service/late_service_foreground.png; custodian/asset_drop/source_work/awakening/undergate/undergate_foreground_source_v1.png; custodian/asset_drop/source_work/awakening/gate_of_dust/custodian_approach_foreground_v1.png; custodian/asset_drop/source_work/awakening/gate_of_dust/gate_of_dust_foreground_source_v1.png
UPSTREAM_CANDIDATE	awakening_custodian_approach_environment	foreground	required	custodian/asset_drop/source_work/awakening/late_service/late_service_foreground.png; custodian/asset_drop/source_work/awakening/undergate/undergate_foreground_source_v1.png; custodian/asset_drop/source_work/awakening/gate_of_dust/custodian_approach_foreground_v1.png; custodian/asset_drop/source_work/awakening/gate_of_dust/gate_of_dust_foreground_source_v1.png
UPSTREAM_CANDIDATE	awakening_custodian_approach_environment	underlay	required	custodian/asset_drop/source_work/ritualant_scene/ritualant_underground__underlay__mineral_haze_01__1536x1536.png; custodian/asset_drop/source_work/ritualant_scene/ritualant_underground__underlay__chapel_haze_01_1024x768.png; custodian/asset_drop/source_work/awakening/late_service/late_service_underlay.png; custodian/asset_drop/source_work/awakening/undergate/undergate_underlay_source_v1.png; custodian/asset_drop/source_work/awakening/gate_of_dust/custodian_approach_underlay_source_v1.png
UPSTREAM_CANDIDATE	awakening_dust_lung_environment	foreground	required	custodian/asset_drop/source_work/awakening/late_service/late_service_foreground.png; custodian/asset_drop/source_work/awakening/undergate/undergate_foreground_source_v1.png; custodian/asset_drop/source_work/awakening/gate_of_dust/custodian_approach_foreground_v1.png; custodian/asset_drop/source_work/awakening/gate_of_dust/gate_of_dust_foreground_source_v1.png
UPSTREAM_CANDIDATE	awakening_dust_motes	loop	required	custodian/asset_drop/production_prep/carrow_yard_v2/families/district_transfer_frame/aperture_loop.png
UPSTREAM_CANDIDATE	awakening_falling_ash	loop	required	custodian/asset_drop/production_prep/carrow_yard_v2/families/district_transfer_frame/aperture_loop.png
UPSTREAM_CANDIDATE	awakening_gate_plaza_environment	foreground	required	custodian/asset_drop/source_work/awakening/late_service/late_service_foreground.png; custodian/asset_drop/source_work/awakening/undergate/undergate_foreground_source_v1.png; custodian/asset_drop/source_work/awakening/gate_of_dust/custodian_approach_foreground_v1.png; custodian/asset_drop/source_work/awakening/gate_of_dust/gate_of_dust_foreground_source_v1.png
UPSTREAM_CANDIDATE	awakening_gate_plaza_environment	underlay	required	custodian/asset_drop/source_work/ritualant_scene/ritualant_underground__underlay__mineral_haze_01__1536x1536.png; custodian/asset_drop/source_work/ritualant_scene/ritualant_underground__underlay__chapel_haze_01_1024x768.png; custodian/asset_drop/source_work/awakening/late_service/late_service_underlay.png; custodian/asset_drop/source_work/awakening/undergate/undergate_underlay_source_v1.png; custodian/asset_drop/source_work/awakening/gate_of_dust/custodian_approach_underlay_source_v1.png
UPSTREAM_CANDIDATE	awakening_gate_wind_dust	loop	required	custodian/asset_drop/production_prep/carrow_yard_v2/families/district_transfer_frame/aperture_loop.png
UPSTREAM_CANDIDATE	awakening_late_service_environment	foreground	required	custodian/asset_drop/source_work/awakening/late_service/late_service_foreground.png; custodian/asset_drop/source_work/awakening/undergate/undergate_foreground_source_v1.png; custodian/asset_drop/source_work/awakening/gate_of_dust/custodian_approach_foreground_v1.png; custodian/asset_drop/source_work/awakening/gate_of_dust/gate_of_dust_foreground_source_v1.png
UPSTREAM_CANDIDATE	awakening_late_service_environment	underlay	required	custodian/asset_drop/source_work/ritualant_scene/ritualant_underground__underlay__mineral_haze_01__1536x1536.png; custodian/asset_drop/source_work/ritualant_scene/ritualant_underground__underlay__chapel_haze_01_1024x768.png; custodian/asset_drop/source_work/awakening/late_service/late_service_underlay.png; custodian/asset_drop/source_work/awakening/undergate/undergate_underlay_source_v1.png; custodian/asset_drop/source_work/awakening/gate_of_dust/custodian_approach_underlay_source_v1.png
UPSTREAM_CANDIDATE	awakening_late_service_relay_lamp	idle	required	custodian/asset_drop/source_work/enemy_grunt/enemy_grunt__body__locomotion__idle_02__e__5f__96.png; custodian/asset_drop/source_work/enemy_grunt/enemy_grunt__body__locomotion__idle_01__e__5f__96.png; custodian/asset_drop/source_work/enemy_grunt/enemy_grunt__body__locomotion__unarmed_idle_01__e__5f__96.png; custodian/asset_drop/source_work/baby_opossum/opossum_idle_n_v1.png; custodian/asset_drop/source_work/baby_opossum/opossum_idle_s_v1.png
UPSTREAM_CANDIDATE	awakening_locker_reliquary_environment	foreground	required	custodian/asset_drop/source_work/awakening/late_service/late_service_foreground.png; custodian/asset_drop/source_work/awakening/undergate/undergate_foreground_source_v1.png; custodian/asset_drop/source_work/awakening/gate_of_dust/custodian_approach_foreground_v1.png; custodian/asset_drop/source_work/awakening/gate_of_dust/gate_of_dust_foreground_source_v1.png
UPSTREAM_CANDIDATE	awakening_ruin_decal	rubble_medium	required	custodian/asset_drop/source_work/lower_quarter_region/v2_extract/props/lower_quarter_rubble/rubble_medium_01.png
UPSTREAM_CANDIDATE	awakening_ruin_decal	rubble_small	required	custodian/asset_drop/source_work/lower_quarter_region/v2_extract/props/lower_quarter_rubble/rubble_small_01.png
UPSTREAM_CANDIDATE	awakening_undergate_environment	foreground	required	custodian/asset_drop/source_work/awakening/late_service/late_service_foreground.png; custodian/asset_drop/source_work/awakening/undergate/undergate_foreground_source_v1.png; custodian/asset_drop/source_work/awakening/gate_of_dust/custodian_approach_foreground_v1.png; custodian/asset_drop/source_work/awakening/gate_of_dust/gate_of_dust_foreground_source_v1.png
UPSTREAM_CANDIDATE	awakening_undergate_environment	underlay	required	custodian/asset_drop/source_work/ritualant_scene/ritualant_underground__underlay__mineral_haze_01__1536x1536.png; custodian/asset_drop/source_work/ritualant_scene/ritualant_underground__underlay__chapel_haze_01_1024x768.png; custodian/asset_drop/source_work/awakening/late_service/late_service_underlay.png; custodian/asset_drop/source_work/awakening/undergate/undergate_underlay_source_v1.png; custodian/asset_drop/source_work/awakening/gate_of_dust/custodian_approach_underlay_source_v1.png
UPSTREAM_CANDIDATE	awakening_water_shimmer	loop	recommended	custodian/asset_drop/production_prep/carrow_yard_v2/families/district_transfer_frame/aperture_loop.png
UPSTREAM_CANDIDATE	field_fabricator_mk1	damaged	optional	custodian/asset_drop/source_work/lower_quarter_region/v2_extract/walls/lower_quarter_wall_face/gothic_scifi_wall_face_damaged_01.png; custodian/asset_drop/production_prep/carrow_yard_v2/families/carrow_machine_house_walls/damaged_wall_light_01.png
UPSTREAM_CANDIDATE	gate_of_dust	shutdown	optional	custodian/asset_drop/source_work/pursuit_frame/review/pixelart_candidates/balanced/death_shutdown_01__s.png; custodian/asset_drop/source_work/pursuit_frame/review/pixelart_candidates/crisp/death_shutdown_01__s.png; custodian/asset_drop/source_work/pursuit_frame/generated/source_sheets_20260901/death_shutdown__s__S.png
NOT_CREATED	ambient_baby_opossum	approach_player	optional	
NOT_CREATED	ambient_baby_opossum	dig	optional	
NOT_CREATED	ambient_baby_opossum	disapprove_hold	optional	
NOT_CREATED	ambient_baby_opossum	excited_idle	optional	
NOT_CREATED	ambient_baby_opossum	flee_start	optional	
NOT_CREATED	ambient_baby_opossum	follow	optional	
NOT_CREATED	ambient_baby_opossum	freeze	optional	
NOT_CREATED	ambient_baby_opossum	gift_drop	optional	
NOT_CREATED	ambient_baby_opossum	greet	optional	
NOT_CREATED	ambient_baby_opossum	hide_enter__barrel_prop	optional	
NOT_CREATED	ambient_baby_opossum	hide_exit__barrel_prop	optional	
NOT_CREATED	ambient_baby_opossum	hide_hold__barrel_prop	optional	
NOT_CREATED	ambient_baby_opossum	hide_peek__barrel_prop	optional	
NOT_CREATED	ambient_baby_opossum	idle_alt	optional	
NOT_CREATED	ambient_baby_opossum	look_back	optional	
NOT_CREATED	ambient_baby_opossum	panic	optional	
NOT_CREATED	ambient_baby_opossum	play_dead_exit	optional	
NOT_CREATED	ambient_baby_opossum	play_dead_peek	optional	
NOT_CREATED	ambient_baby_opossum	reject_hit	optional	
NOT_CREATED	ambient_baby_opossum	retrieve	optional	
NOT_CREATED	ambient_baby_opossum	sit_enter	optional	
NOT_CREATED	ambient_baby_opossum	sit_exit	optional	
NOT_CREATED	ambient_baby_opossum	sit_idle	optional	
NOT_CREATED	ambient_baby_opossum	sniff_treat	optional	
NOT_CREATED	ambient_baby_opossum	take_treat	optional	
NOT_CREATED	ambient_baby_opossum	wait	optional	
NOT_CREATED	awakening_ambulatory_fixtures	broken_mirror_panel	required	
NOT_CREATED	awakening_ambulatory_fixtures	hanging_cloth_a	recommended	
NOT_CREATED	awakening_ambulatory_fixtures	hanging_cloth_b	recommended	
NOT_CREATED	awakening_ambulatory_fixtures	hanging_cloth_c	recommended	
NOT_CREATED	awakening_ambulatory_fixtures	hidden_reliquary_panel	required	
NOT_CREATED	awakening_ambulatory_fixtures	inspection_niche_medica	required	
NOT_CREATED	awakening_ambulatory_fixtures	inspection_niche_vestment	required	
NOT_CREATED	awakening_ambulatory_fixtures	ritual_washing_bowl	recommended	
NOT_CREATED	awakening_ambulatory_fixtures	service_basin_a	required	
NOT_CREATED	awakening_ambulatory_fixtures	service_basin_b	required	
NOT_CREATED	awakening_approach_fixtures	burial_terrace	required	
NOT_CREATED	awakening_approach_fixtures	dead_brazier	required	
NOT_CREATED	awakening_approach_fixtures	prayer_ring	required	
NOT_CREATED	awakening_approach_fixtures	processional_banner_a	recommended	
NOT_CREATED	awakening_approach_fixtures	processional_banner_b	recommended	
NOT_CREATED	awakening_approach_fixtures	roadside_monument	recommended	
NOT_CREATED	awakening_approach_fixtures	root_broken_court	required	
NOT_CREATED	awakening_approach_fixtures	side_chapel_a	required	
NOT_CREATED	awakening_approach_fixtures	side_chapel_b	recommended	
NOT_CREATED	awakening_approach_fixtures	side_chapel_c	recommended	
NOT_CREATED	awakening_attestation_fixtures	attestation_dais	required	
NOT_CREATED	awakening_attestation_fixtures	designation_sigil_fragment	required	
NOT_CREATED	awakening_attestation_fixtures	stamped_plate_pile_a	recommended	
NOT_CREATED	awakening_attestation_fixtures	stamped_plate_pile_b	recommended	
NOT_CREATED	awakening_attestation_fixtures	stele_empty	required	
NOT_CREATED	awakening_attestation_fixtures	stele_intact	required	
NOT_CREATED	awakening_attestation_fixtures	stele_scorched	required	
NOT_CREATED	awakening_attestation_fixtures	stele_shattered	required	
NOT_CREATED	awakening_attestation_fixtures	torn_civic_banner	required	
NOT_CREATED	awakening_authority_inlay	attestation_mark	recommended	
NOT_CREATED	awakening_authority_inlay	civic_spear	recommended	
NOT_CREATED	awakening_authority_inlay	ring_node	required	
NOT_CREATED	awakening_authority_inlay	route_circle	recommended	
NOT_CREATED	awakening_creche_console_activation_fx	activate	required	
NOT_CREATED	awakening_creche_fixtures	alcove_broken	required	
NOT_CREATED	awakening_creche_fixtures	alcove_closed	required	
NOT_CREATED	awakening_creche_fixtures	alcove_empty	required	
NOT_CREATED	awakening_creche_fixtures	alcove_fused	required	
NOT_CREATED	awakening_creche_fixtures	authority_inscription	required	
NOT_CREATED	awakening_creche_fixtures	collapsed_service_harness	recommended	
NOT_CREATED	awakening_creche_fixtures	cracked_sidearm_holster	recommended	
NOT_CREATED	awakening_creche_fixtures	maintenance_slate	recommended	
NOT_CREATED	awakening_creche_fixtures	petrified_bandage_spool	recommended	
NOT_CREATED	awakening_creche_fixtures	relic_table	required	
NOT_CREATED	awakening_creche_fixtures	wall_of_seals	required	
NOT_CREATED	awakening_dust_lung_structures	broken_bridge_a	required	
NOT_CREATED	awakening_dust_lung_structures	broken_bridge_b	required	
NOT_CREATED	awakening_dust_lung_structures	broken_railing	recommended	
NOT_CREATED	awakening_dust_lung_structures	counterweight	recommended	
NOT_CREATED	awakening_dust_lung_structures	giant_duct	required	
NOT_CREATED	awakening_dust_lung_structures	lift_lever	required	
NOT_CREATED	awakening_dust_lung_structures	scavenger_nest	recommended	
NOT_CREATED	awakening_institutional_decal	attestation_marker	recommended	
NOT_CREATED	awakening_institutional_decal	designation_seal	recommended	
NOT_CREATED	awakening_institutional_decal	route_marker	recommended	
NOT_CREATED	awakening_institutional_decal	service_marker	recommended	
NOT_CREATED	awakening_institutional_decal	warning_plate	recommended	
NOT_CREATED	awakening_late_service_fixtures	altar_cloth	recommended	
NOT_CREATED	awakening_late_service_fixtures	broken_pew_a	required	
NOT_CREATED	awakening_late_service_fixtures	broken_pew_b	required	
NOT_CREATED	awakening_late_service_fixtures	broken_pew_c	recommended	
NOT_CREATED	awakening_late_service_fixtures	devotional_objects	recommended	
NOT_CREATED	awakening_late_service_fixtures	mosaic_floor	required	
NOT_CREATED	awakening_late_service_fixtures	reward_cache	recommended	
NOT_CREATED	awakening_late_service_fixtures	thread_anchor	required	
NOT_CREATED	awakening_late_service_fixtures	white_thread_floor_bundle	required	
NOT_CREATED	awakening_relay_static	pulse	recommended	
NOT_CREATED	awakening_reliquary_fixtures	central_dry_basin	required	
NOT_CREATED	awakening_reliquary_fixtures	dust_filled_locker	recommended	
NOT_CREATED	awakening_reliquary_fixtures	field_white_cord_bundle	recommended	
NOT_CREATED	awakening_reliquary_fixtures	maintenance_sleeve	recommended	
NOT_CREATED	awakening_reliquary_fixtures	recalled_not_verified_locker	required	
NOT_CREATED	awakening_reliquary_fixtures	welded_locker	required	
NOT_CREATED	awakening_ruin_decal	dust_scour	recommended	
NOT_CREATED	awakening_ruin_decal	floor_crack_a	required	
NOT_CREATED	awakening_ruin_decal	floor_crack_b	required	
NOT_CREATED	awakening_ruin_decal	floor_crack_c	required	
NOT_CREATED	awakening_ruin_decal	root_intrusion	recommended	
NOT_CREATED	awakening_ruin_decal	soot_bloom	recommended	
NOT_CREATED	awakening_undergate_machinery	blind_route_housing	required	
NOT_CREATED	awakening_undergate_machinery	brass_needle	recommended	
NOT_CREATED	awakening_undergate_machinery	dead_relay_cabinet	recommended	
NOT_CREATED	awakening_undergate_machinery	mechanism_plinth	required	
NOT_CREATED	awakening_undergate_machinery	register_route_map	required	
NOT_CREATED	awakening_undergate_machinery	register_shelving	required	
NOT_CREATED	awakening_undergate_machinery	route_coil	required	
NOT_CREATED	awakening_undergate_machinery	track_coupler	recommended	
NOT_CREATED	awakening_undergate_machinery	transit_drum	required	
NOT_CREATED	enemy_grunt	crit_01	recommended	
NOT_CREATED	enemy_grunt	crit_recovery_01	recommended	
NOT_CREATED	enemy_grunt	critical_execution_victim_01	optional	
NOT_CREATED	enemy_grunt	falcon_reversal_victim_01	optional	
NOT_CREATED	enemy_grunt	parry_critical_open_enter_01	optional	
NOT_CREATED	enemy_grunt	parry_critical_open_hold_01	optional	
NOT_CREATED	enemy_grunt	parry_critical_recover_01	optional	
NOT_CREATED	enemy_grunt	special_inflight_01	optional	
NOT_CREATED	enemy_grunt	special_recovery_01	optional	
NOT_CREATED	enemy_grunt	special_windup_01	optional	
NOT_CREATED	field_fabricator_mk1	destroy	optional	
NOT_CREATED	field_fabricator_mk1	destroyed	optional	
NOT_CREATED	gate_of_dust	aperture_resolve	optional	
NOT_CREATED	gate_of_dust	authority_wake	optional	
NOT_CREATED	gate_of_dust	continuity_stable	optional	
NOT_CREATED	gate_of_dust	route_acquire	optional	
