asset_id,category,family,state,priority,v1_usage,source_master,crop_x,crop_y,width,height,crop_x2,crop_y2,master_center_x,master_center_y,godot_center_x,godot_center_y,frame_count,fps,alpha,resize,pixel_transform,source_work_path,sha256,schema,prompt_id,inbox_path,v2_kind,runtime_domain,runtime_status
solarium_i_acquisition_court,plate,twin_solaria_v1_environment,solarium_i_acquisition_court,P0,runtime_plate,twin_solaria_uploaded_master_2048x1536.png,28,85,617,695,645,780,336.5,432.5,-687.5,-335.5,1,,RGBA preserved,NONE,NONE,custodian/asset_drop/source_work/hub/twin_solaria_v1_environment/solarium_i_acquisition_court_source.png,075461164e9b632f887e102f9e7d4fb46dd3616db01227b1b9b35b04423a483d,custodian.asset_family.v2,NONE_CROP_ONLY,custodian/asset_drop/inbox/twin_solaria_v1_environment/solarium_i_acquisition_court.png,backdrop,levels/hub/twin_solaria/v1,V1_DIRECT_CANDIDATE
upper_crown_court,plate,twin_solaria_v1_environment,upper_crown_court,P0,runtime_plate,twin_solaria_uploaded_master_2048x1536.png,585,180,697,520,1282,700,933.5,440.0,-90.5,-328.0,1,,RGBA preserved,NONE,NONE,custodian/asset_drop/source_work/hub/twin_solaria_v1_environment/upper_crown_court_source.png,bd152c5673696f27e8939409fe60f06c16028da73ae1b40cccfb868f7f29039e,custodian.asset_family.v2,NONE_CROP_ONLY,custodian/asset_drop/inbox/twin_solaria_v1_environment/upper_crown_court.png,backdrop,levels/hub/twin_solaria/v1,V1_DIRECT_CANDIDATE
authority_threshold_plate,plate,twin_solaria_v1_environment,authority_threshold_plate,P0,runtime_plate,twin_solaria_uploaded_master_2048x1536.png,735,555,375,355,1110,910,922.5,732.5,-101.5,-35.5,1,,RGBA preserved,NONE,NONE,custodian/asset_drop/source_work/hub/twin_solaria_v1_environment/authority_threshold_plate_source.png,fd541aade79fdbfa9b69c0449636e81502ff4d62af6177d2aa2243ad5e707772,custodian.asset_family.v2,NONE_CROP_ONLY,custodian/asset_drop/inbox/twin_solaria_v1_environment/authority_threshold_plate.png,backdrop,levels/hub/twin_solaria/v1,V1_DIRECT_CANDIDATE
reciprocity_midcourt,plate,twin_solaria_v1_environment,reciprocity_midcourt,P0,runtime_plate,twin_solaria_uploaded_master_2048x1536.png,410,650,1190,525,1600,1175,1005.0,912.5,-19.0,144.5,1,,RGBA preserved,NONE,NONE,custodian/asset_drop/source_work/hub/twin_solaria_v1_environment/reciprocity_midcourt_source.png,354e693db7e4fa24148adec4264206ff8c5ba389c3331f143a143599e94395dc,custodian.asset_family.v2,NONE_CROP_ONLY,custodian/asset_drop/inbox/twin_solaria_v1_environment/reciprocity_midcourt.png,backdrop,levels/hub/twin_solaria/v1,V1_DIRECT_CANDIDATE
home_index_lowercourt,plate,twin_solaria_v1_environment,home_index_lowercourt,P0,runtime_plate,twin_solaria_uploaded_master_2048x1536.png,540,1065,825,385,1365,1450,952.5,1257.5,-71.5,489.5,1,,RGBA preserved,NONE,NONE,custodian/asset_drop/source_work/hub/twin_solaria_v1_environment/home_index_lowercourt_source.png,7be18a8df0c3a557235bb6a83b03f7c8b970ade15847b93dd15b6a58a323d982,custodian.asset_family.v2,NONE_CROP_ONLY,custodian/asset_drop/inbox/twin_solaria_v1_environment/home_index_lowercourt.png,backdrop,levels/hub/twin_solaria/v1,V1_DIRECT_CANDIDATE
west_service_terrace,plate,twin_solaria_v1_environment,west_service_terrace,P1,runtime_plate,twin_solaria_uploaded_master_2048x1536.png,350,1010,275,340,625,1350,487.5,1180.0,-536.5,412.0,1,,RGBA preserved,NONE,NONE,custodian/asset_drop/source_work/hub/twin_solaria_v1_environment/west_service_terrace_source.png,048814628996096c3b5228011f9f63496b8dbc92de8ad9c1690ef4ee0bb99367,custodian.asset_family.v2,NONE_CROP_ONLY,custodian/asset_drop/inbox/twin_solaria_v1_environment/west_service_terrace.png,backdrop,levels/hub/twin_solaria/v1,V1_DIRECT_CANDIDATE
east_service_terrace,plate,twin_solaria_v1_environment,east_service_terrace,P1,runtime_plate,twin_solaria_uploaded_master_2048x1536.png,1360,1010,275,340,1635,1350,1497.5,1180.0,473.5,412.0,1,,RGBA preserved,NONE,NONE,custodian/asset_drop/source_work/hub/twin_solaria_v1_environment/east_service_terrace_source.png,a93f07e8e074627e2002d478b405ff4849cb9506a466445d7db0632dad4bad11,custodian.asset_family.v2,NONE_CROP_ONLY,custodian/asset_drop/inbox/twin_solaria_v1_environment/east_service_terrace.png,backdrop,levels/hub/twin_solaria/v1,V1_DIRECT_CANDIDATE
crown_causeway,plate,twin_solaria_v1_environment,crown_causeway,P0,runtime_plate,twin_solaria_uploaded_master_2048x1536.png,810,1320,245,216,1055,1536,932.5,1428.0,-91.5,660.0,1,,RGBA preserved,NONE,NONE,custodian/asset_drop/source_work/hub/twin_solaria_v1_environment/crown_causeway_source.png,aa835f9300155aa7e7b3009b7c27836b05cdeac320c353da685c94525ae62b4e,custodian.asset_family.v2,NONE_CROP_ONLY,custodian/asset_drop/inbox/twin_solaria_v1_environment/crown_causeway.png,backdrop,levels/hub/twin_solaria/v1,V1_DIRECT_CANDIDATE
outbound_anchor,prop,twin_solaria_v1_landmarks,outbound_anchor,P0,reference_prop_crop,twin_solaria_uploaded_master_2048x1536.png,626,205,152,290,778,495,702.0,350.0,-322.0,-418.0,1,,RGBA preserved,NONE,NONE,custodian/asset_drop/source_work/hub/twin_solaria_v1_landmarks/outbound_anchor_source.png,13590ee413673edd449e75750bb056b94c6e0c08488760ee99ab755ffbbc3a74,custodian.asset_family.v2,IG-TS-03,custodian/asset_drop/inbox/twin_solaria_v1_landmarks/outbound_anchor.png,world_prop,sprites/environment/props/hub/twin_solaria,REFERENCE_OR_INCREMENTAL_OVERLAY
reciprocal_anchor,prop,twin_solaria_v1_landmarks,reciprocal_anchor,P0,reference_prop_crop,twin_solaria_uploaded_master_2048x1536.png,1080,205,145,290,1225,495,1152.5,350.0,128.5,-418.0,1,,RGBA preserved,NONE,NONE,custodian/asset_drop/source_work/hub/twin_solaria_v1_landmarks/reciprocal_anchor_source.png,d04181e233b587d225afc67c06676368dacf2ed43f2e36b35e989f429c4e1353,custodian.asset_family.v2,IG-TS-04,custodian/asset_drop/inbox/twin_solaria_v1_landmarks/reciprocal_anchor.png,world_prop,sprites/environment/props/hub/twin_solaria,REFERENCE_OR_INCREMENTAL_OVERLAY
meridian_needle,prop,twin_solaria_v1_landmarks,meridian_needle,P0,reference_prop_crop,twin_solaria_uploaded_master_2048x1536.png,830,15,188,385,1018,400,924.0,207.5,-100.0,-560.5,1,,RGBA preserved,NONE,NONE,custodian/asset_drop/source_work/hub/twin_solaria_v1_landmarks/meridian_needle_source.png,7a14a69e3a09e1cce8e9c958947a07a79357d08918c387f9803e261cc1413c63,custodian.asset_family.v2,NONE_CROP_ONLY,custodian/asset_drop/inbox/twin_solaria_v1_landmarks/meridian_needle.png,world_prop,sprites/environment/props/hub/twin_solaria,REFERENCE_OR_INCREMENTAL_OVERLAY
reciprocity_dial,prop,twin_solaria_v1_landmarks,reciprocity_dial,P0,reference_prop_crop,twin_solaria_uploaded_master_2048x1536.png,820,345,225,260,1045,605,932.5,475.0,-91.5,-293.0,1,,RGBA preserved,NONE,NONE,custodian/asset_drop/source_work/hub/twin_solaria_v1_landmarks/reciprocity_dial_source.png,d97f2a89483f13423029f9c364b02ff1e682777d55a7f69ee010461a1a81ac64,custodian.asset_family.v2,NONE_CROP_ONLY,custodian/asset_drop/inbox/twin_solaria_v1_landmarks/reciprocity_dial.png,world_prop,sprites/environment/props/hub/twin_solaria,REFERENCE_OR_INCREMENTAL_OVERLAY
authority_gate,prop,twin_solaria_v1_landmarks,authority_gate,P0,reference_prop_crop,twin_solaria_uploaded_master_2048x1536.png,760,580,345,350,1105,930,932.5,755.0,-91.5,-13.0,1,,RGBA preserved,NONE,NONE,custodian/asset_drop/source_work/hub/twin_solaria_v1_landmarks/authority_gate_source.png,284fedeb65c770aa1da4fb3f1c90f60d1faa39903a9c33c2338a327fa4908b9b,custodian.asset_family.v2,NONE_CROP_ONLY,custodian/asset_drop/inbox/twin_solaria_v1_landmarks/authority_gate.png,world_prop,sprites/environment/props/hub/twin_solaria,REFERENCE_OR_INCREMENTAL_OVERLAY
west_echo_drum,prop,twin_solaria_v1_landmarks,west_echo_drum,P0,reference_prop_crop,twin_solaria_uploaded_master_2048x1536.png,510,840,245,285,755,1125,632.5,982.5,-391.5,214.5,1,,RGBA preserved,NONE,NONE,custodian/asset_drop/source_work/hub/twin_solaria_v1_landmarks/west_echo_drum_source.png,031c292c1486d6eacf50142085ce0a91fd367556ae81487f9a089e2616f9f088,custodian.asset_family.v2,NONE_CROP_ONLY,custodian/asset_drop/inbox/twin_solaria_v1_landmarks/west_echo_drum.png,world_prop,sprites/environment/props/hub/twin_solaria,REFERENCE_OR_INCREMENTAL_OVERLAY
east_echo_drum,prop,twin_solaria_v1_landmarks,east_echo_drum,P0,reference_prop_crop,twin_solaria_uploaded_master_2048x1536.png,1125,835,295,295,1420,1130,1272.5,982.5,248.5,214.5,1,,RGBA preserved,NONE,NONE,custodian/asset_drop/source_work/hub/twin_solaria_v1_landmarks/east_echo_drum_source.png,b736ba54967825cbd083a665f8021f721471b93586171a4ac5baba812b5e1687,custodian.asset_family.v2,NONE_CROP_ONLY,custodian/asset_drop/inbox/twin_solaria_v1_landmarks/east_echo_drum.png,world_prop,sprites/environment/props/hub/twin_solaria,REFERENCE_OR_INCREMENTAL_OVERLAY
home_index,prop,twin_solaria_v1_landmarks,home_index,P0,reference_prop_crop,twin_solaria_uploaded_master_2048x1536.png,805,1080,240,260,1045,1340,925.0,1210.0,-99.0,442.0,1,,RGBA preserved,NONE,NONE,custodian/asset_drop/source_work/hub/twin_solaria_v1_landmarks/home_index_source.png,2192efcc96ec2d30b6eaf37c4043c23534963bcccc242150f674085ce4257cfc,custodian.asset_family.v2,NONE_CROP_ONLY,custodian/asset_drop/inbox/twin_solaria_v1_landmarks/home_index.png,world_prop,sprites/environment/props/hub/twin_solaria,REFERENCE_OR_INCREMENTAL_OVERLAY
archive_witness_ring,prop,twin_solaria_v1_landmarks,archive_witness_ring,P0,reference_prop_crop,twin_solaria_uploaded_master_2048x1536.png,560,1200,260,260,820,1460,690.0,1330.0,-334.0,562.0,1,,RGBA preserved,NONE,NONE,custodian/asset_drop/source_work/hub/twin_solaria_v1_landmarks/archive_witness_ring_source.png,b7096f907da68d6f3cf61218a09e5cdec9f951be1b39bc0b6c58b9653207d964,custodian.asset_family.v2,NONE_CROP_ONLY,custodian/asset_drop/inbox/twin_solaria_v1_landmarks/archive_witness_ring.png,world_prop,sprites/environment/props/hub/twin_solaria,REFERENCE_OR_INCREMENTAL_OVERLAY
live_witness_ring,prop,twin_solaria_v1_landmarks,live_witness_ring,P0,reference_prop_crop,twin_solaria_uploaded_master_2048x1536.png,1080,1200,260,260,1340,1460,1210.0,1330.0,186.0,562.0,1,,RGBA preserved,NONE,NONE,custodian/asset_drop/source_work/hub/twin_solaria_v1_landmarks/live_witness_ring_source.png,236b282127c2c85758e70124263a67a01d8bd0cbc856c8d44551f9f3824d48b8,custodian.asset_family.v2,NONE_CROP_ONLY,custodian/asset_drop/inbox/twin_solaria_v1_landmarks/live_witness_ring.png,world_prop,sprites/environment/props/hub/twin_solaria,REFERENCE_OR_INCREMENTAL_OVERLAY
blind_witness,prop,twin_solaria_v1_landmarks,blind_witness,P1,reference_prop_crop,twin_solaria_uploaded_master_2048x1536.png,270,870,125,210,395,1080,332.5,975.0,-691.5,207.0,1,,RGBA preserved,NONE,NONE,custodian/asset_drop/source_work/hub/twin_solaria_v1_landmarks/blind_witness_source.png,d05624e2d17d89f14fcd955b7df1692577a06fef92f7c16f7b4a5710bdabb3ae,custodian.asset_family.v2,NONE_CROP_ONLY,custodian/asset_drop/inbox/twin_solaria_v1_landmarks/blind_witness.png,world_prop,sprites/environment/props/hub/twin_solaria,REFERENCE_OR_INCREMENTAL_OVERLAY
second_crown_root,prop,twin_solaria_v1_landmarks,second_crown_root,P0,reference_prop_crop,twin_solaria_uploaded_master_2048x1536.png,1200,205,115,510,1315,715,1257.5,460.0,233.5,-308.0,1,,RGBA preserved,NONE,NONE,custodian/asset_drop/source_work/hub/twin_solaria_v1_landmarks/second_crown_root_source.png,da9201ddbbc1781f2972ba284c2ffe7ab5c9b224d08fc13bcbeb6f5f815ad887,custodian.asset_family.v2,IG-TS-01,custodian/asset_drop/inbox/twin_solaria_v1_landmarks/second_crown_root.png,world_prop,sprites/environment/props/hub/twin_solaria,REFERENCE_OR_INCREMENTAL_OVERLAY
west_aux_witness,prop,twin_solaria_v1_landmarks,west_aux_witness,P2,reference_prop_crop,twin_solaria_uploaded_master_2048x1536.png,410,1060,130,170,540,1230,475.0,1145.0,-549.0,377.0,1,,RGBA preserved,NONE,NONE,custodian/asset_drop/source_work/hub/twin_solaria_v1_landmarks/west_aux_witness_source.png,ba26628eb75849646f0f68fc170ddcc13a9d86dff1ef0d64f845ae9962d715f8,custodian.asset_family.v2,NONE_CROP_ONLY,custodian/asset_drop/inbox/twin_solaria_v1_landmarks/west_aux_witness.png,world_prop,sprites/environment/props/hub/twin_solaria,REFERENCE_OR_INCREMENTAL_OVERLAY
east_aux_witness,prop,twin_solaria_v1_landmarks,east_aux_witness,P2,reference_prop_crop,twin_solaria_uploaded_master_2048x1536.png,1400,1070,150,180,1550,1250,1475.0,1160.0,451.0,392.0,1,,RGBA preserved,NONE,NONE,custodian/asset_drop/source_work/hub/twin_solaria_v1_landmarks/east_aux_witness_source.png,999da82414bb1d800cf581950a59f6d75d9a9798f04fe008511607aaa6a0196b,custodian.asset_family.v2,NONE_CROP_ONLY,custodian/asset_drop/inbox/twin_solaria_v1_landmarks/east_aux_witness.png,world_prop,sprites/environment/props/hub/twin_solaria,REFERENCE_OR_INCREMENTAL_OVERLAY
coherence_witness_exemplar,prop,twin_solaria_v1_landmarks,coherence_witness_exemplar,P1,reference_prop_crop,twin_solaria_uploaded_master_2048x1536.png,775,700,70,125,845,825,810.0,762.5,-214.0,-5.5,1,,RGBA preserved,NONE,NONE,custodian/asset_drop/source_work/hub/twin_solaria_v1_landmarks/coherence_witness_exemplar_source.png,f6af248488f5ce6f3a993e54e9c4fad4877f6da5c0bde712b5d2bbd5b9028aba,custodian.asset_family.v2,IG-TS-05,custodian/asset_drop/inbox/twin_solaria_v1_landmarks/coherence_witness_exemplar.png,world_prop,sprites/environment/props/hub/twin_solaria,REFERENCE_OR_INCREMENTAL_OVERLAY
resolved_route_vista,visual,twin_solaria_v1_environment,resolved_route_vista,P0,reference_visual,twin_solaria_uploaded_master_2048x1536.png,105,175,465,280,570,455,337.5,315.0,-686.5,-453.0,1,,RGBA preserved,NONE,NONE,custodian/asset_drop/source_work/hub/twin_solaria_v1_reference/resolved_route_vista_source.png,1f29a409e3bfe685aa63ec1fed0167a88d55e9491cae26b7d45d673cea4bef40,custodian.asset_family.v2,IG-TS-02,DEFERRED_REFERENCE_ONLY,backdrop,levels/hub/twin_solaria/reference,REFERENCE_ONLY
second_crown_absence,visual,twin_solaria_v1_environment,second_crown_absence,P0,reference_visual,twin_solaria_uploaded_master_2048x1536.png,1190,170,535,680,1725,850,1457.5,510.0,433.5,-258.0,1,,RGBA preserved,NONE,NONE,custodian/asset_drop/source_work/hub/twin_solaria_v1_reference/second_crown_absence_source.png,30791da4d199dc980b053bb965f32e6e9848e7f1f342234727105a43492570cd,custodian.asset_family.v2,IG-TS-01,DEFERRED_REFERENCE_ONLY,backdrop,levels/hub/twin_solaria/reference,REFERENCE_ONLY
crown_verge_west,visual,twin_solaria_v1_environment,crown_verge_west,P2,reference_visual,twin_solaria_uploaded_master_2048x1536.png,250,690,200,765,450,1455,350.0,1072.5,-674.0,304.5,1,,RGBA preserved,NONE,NONE,custodian/asset_drop/source_work/hub/twin_solaria_v1_reference/crown_verge_west_source.png,e74bdfd576af2a93d971481dc869cd2fad418c3af26bb13b0b9f87875b853f94,custodian.asset_family.v2,IG-TS-06,DEFERRED_REFERENCE_ONLY,backdrop,levels/hub/twin_solaria/reference,REFERENCE_ONLY
crown_verge_east,visual,twin_solaria_v1_environment,crown_verge_east,P2,reference_visual,twin_solaria_uploaded_master_2048x1536.png,1450,835,280,620,1730,1455,1590.0,1145.0,566.0,377.0,1,,RGBA preserved,NONE,NONE,custodian/asset_drop/source_work/hub/twin_solaria_v1_reference/crown_verge_east_source.png,8b983b8df9fa0651083832097987215235245f3dcc54d1c759030c54acdffc8c,custodian.asset_family.v2,IG-TS-06,DEFERRED_REFERENCE_ONLY,backdrop,levels/hub/twin_solaria/reference,REFERENCE_ONLY
